datetime,regime_state_a
2024-02-05 00:00:00,0
2024-02-05 00:01:00,0
2024-02-05 00:03:00,0
2024-02-05 00:04:00,0
2024-02-05 00:30:00,0
2024-02-05 00:31:00,0
2024-02-05 00:36:00,0
2024-02-05 00:37:00,0
2024-02-05 00:41:00,0
2024-02-05 00:42:00,0
2024-02-05 00:43:00,0
2024-02-05 00:51:00,0
2024-02-05 00:52:00,0
2024-02-05 00:54:00,0
2024-02-05 01:05:00,0
2024-02-05 01:12:00,0
2024-02-05 01:14:00,0
2024-02-05 01:21:00,0
2024-02-05 01:24:00,0
2024-02-05 01:25:00,0
2024-02-05 01:26:00,0
2024-02-05 01:34:00,0
2024-02-05 01:35:00,0
2024-02-05 01:36:00,0
2024-02-05 01:40:00,0
2024-02-05 01:44:00,0
2024-02-05 01:45:00,0
2024-02-05 01:47:00,0
2024-02-05 01:51:00,0
2024-02-05 01:52:00,0
2024-02-05 01:53:00,0
2024-02-05 01:54:00,0
2024-02-05 01:55:00,0
2024-02-05 02:01:00,0
2024-02-05 02:02:00,0
2024-02-05 02:05:00,0
2024-02-05 02:06:00,0
2024-02-05 02:07:00,0
2024-02-05 02:08:00,0
2024-02-05 02:09:00,0
2024-02-05 02:10:00,0
2024-02-05 02:11:00,0
2024-02-05 02:15:00,0
2024-02-05 02:16:00,0
2024-02-05 02:19:00,0
2024-02-05 02:20:00,0
2024-02-05 02:21:00,0
2024-02-05 02:22:00,0
2024-02-05 02:23:00,0
2024-02-05 02:27:00,0
2024-02-05 02:28:00,0
2024-02-05 02:31:00,0
2024-02-05 02:35:00,0
2024-02-05 02:40:00,0
2024-02-05 02:43:00,0
2024-02-05 02:46:00,0
2024-02-05 02:47:00,0
2024-02-05 02:48:00,0
2024-02-05 02:49:00,0
2024-02-05 02:58:00,0
2024-02-05 03:02:00,0
2024-02-05 03:03:00,-1
2024-02-05 03:04:00,-1
2024-02-05 03:05:00,0
2024-02-05 03:06:00,-1
2024-02-05 03:07:00,-1
2024-02-05 03:08:00,-1
2024-02-05 03:09:00,-1
2024-02-05 03:14:00,-1
2024-02-05 03:15:00,-1
2024-02-05 03:16:00,-1
2024-02-05 03:20:00,-1
2024-02-05 03:21:00,-1
2024-02-05 03:22:00,-1
2024-02-05 03:26:00,-1
2024-02-05 03:30:00,-1
2024-02-05 03:31:00,-1
2024-02-05 03:36:00,-1
2024-02-05 03:40:00,-1
2024-02-05 03:51:00,-1
2024-02-05 03:56:00,-1
2024-02-05 03:57:00,-1
2024-02-05 04:08:00,0
2024-02-05 04:16:00,0
2024-02-05 04:29:00,-1
2024-02-05 04:50:00,-1
2024-02-05 04:51:00,0
2024-02-05 04:58:00,1
2024-02-05 05:30:00,1
2024-02-05 05:47:00,1
2024-02-05 05:49:00,1
2024-02-05 05:59:00,1
2024-02-05 06:08:00,1
2024-02-05 06:10:00,1
2024-02-05 06:15:00,1
2024-02-05 06:16:00,1
2024-02-05 06:19:00,0
2024-02-05 06:20:00,-1
2024-02-05 06:21:00,-1
2024-02-05 06:22:00,-1
2024-02-05 06:26:00,-1
2024-02-05 06:28:00,-1
2024-02-05 06:32:00,-1
2024-02-05 06:34:00,-1
2024-02-05 06:39:00,-1
2024-02-05 06:42:00,-1
2024-02-05 06:44:00,-1
2024-02-05 06:45:00,-1
2024-02-05 06:48:00,-1
2024-02-05 07:01:00,-1
2024-02-05 07:02:00,-1
2024-02-05 07:10:00,-1
2024-02-05 07:11:00,-1
2024-02-05 07:13:00,-1
2024-02-05 07:14:00,-1
2024-02-05 07:16:00,-1
2024-02-05 07:20:00,-1
2024-02-05 07:30:00,-1
2024-02-05 07:34:00,-1
2024-02-05 07:42:00,-1
2024-02-05 07:43:00,-1
2024-02-05 07:51:00,-1
2024-02-05 07:52:00,-1
2024-02-05 07:53:00,-1
2024-02-05 07:54:00,-1
2024-02-05 07:57:00,-1
2024-02-05 07:58:00,-1
2024-02-05 07:59:00,-1
2024-02-05 08:00:00,-1
2024-02-05 08:01:00,-1
2024-02-05 08:02:00,-1
2024-02-05 08:03:00,-1
2024-02-05 08:04:00,-1
2024-02-05 08:06:00,-1
2024-02-05 08:07:00,-1
2024-02-05 08:11:00,-1
2024-02-05 08:13:00,-1
2024-02-05 08:14:00,-1
2024-02-05 08:16:00,-1
2024-02-05 08:18:00,-1
2024-02-05 08:27:00,-1
2024-02-05 08:28:00,-1
2024-02-05 08:29:00,-1
2024-02-05 08:30:00,-1
2024-02-05 08:31:00,-1
2024-02-05 08:32:00,-1
2024-02-05 08:33:00,-1
2024-02-05 08:38:00,-1
2024-02-05 08:39:00,-1
2024-02-05 08:42:00,-1
2024-02-05 08:43:00,-1
2024-02-05 08:46:00,-1
2024-02-05 08:47:00,-1
2024-02-05 08:48:00,-1
2024-02-05 08:49:00,-1
2024-02-05 08:52:00,-1
2024-02-05 09:01:00,-1
2024-02-05 09:02:00,-1
2024-02-05 09:03:00,-1
2024-02-05 09:04:00,-1
2024-02-05 09:05:00,-1
2024-02-05 09:06:00,-1
2024-02-05 09:07:00,-1
2024-02-05 09:08:00,-1
2024-02-05 09:09:00,-1
2024-02-05 09:10:00,-1
2024-02-05 09:11:00,-1
2024-02-05 09:12:00,-1
2024-02-05 09:13:00,-1
2024-02-05 09:14:00,-1
2024-02-05 09:15:00,-1
2024-02-05 09:16:00,-1
2024-02-05 09:17:00,-1
2024-02-05 09:19:00,-1
2024-02-05 09:20:00,-1
2024-02-05 09:21:00,-1
2024-02-05 09:22:00,-1
2024-02-05 09:23:00,-1
2024-02-05 09:24:00,-1
2024-02-05 09:25:00,-1
2024-02-05 09:26:00,-1
2024-02-05 09:27:00,-1
2024-02-05 09:28:00,-1
2024-02-05 09:29:00,-1
2024-02-05 09:31:00,-1
2024-02-05 09:32:00,-1
2024-02-05 09:39:00,-1
2024-02-05 09:40:00,-1
2024-02-05 09:41:00,-1
2024-02-05 09:50:00,-1
2024-02-05 09:51:00,-1
2024-02-05 09:52:00,-1
2024-02-05 09:53:00,-1
2024-02-05 09:54:00,-1
2024-02-05 09:56:00,-1
2024-02-05 09:57:00,-1
2024-02-05 10:08:00,-1
2024-02-05 10:09:00,-1
2024-02-05 10:19:00,-1
2024-02-05 10:20:00,-1
2024-02-05 10:27:00,-1
2024-02-05 10:31:00,-1
2024-02-05 10:32:00,0
2024-02-05 10:34:00,-1
2024-02-05 10:38:00,-1
2024-02-05 10:39:00,-1
2024-02-05 10:41:00,-1
2024-02-05 10:52:00,-1
2024-02-05 11:08:00,-1
2024-02-05 11:10:00,-1
2024-02-05 11:16:00,-1
2024-02-05 11:17:00,-1
2024-02-05 11:22:00,-1
2024-02-05 11:23:00,-1
2024-02-05 11:29:00,-1
2024-02-05 11:30:00,-1
2024-02-05 11:35:00,-1
2024-02-05 11:37:00,-1
2024-02-05 11:38:00,-1
2024-02-05 11:44:00,-1
2024-02-05 11:45:00,-1
2024-02-05 11:46:00,-1
2024-02-05 11:48:00,-1
2024-02-05 11:49:00,-1
2024-02-05 11:52:00,-1
2024-02-05 11:54:00,-1
2024-02-05 12:01:00,-1
2024-02-05 12:05:00,-1
2024-02-05 12:06:00,-1
2024-02-05 12:10:00,-1
2024-02-05 12:11:00,-1
2024-02-05 12:12:00,-1
2024-02-05 12:30:00,-1
2024-02-05 12:34:00,-1
2024-02-05 12:35:00,0
2024-02-05 12:36:00,0
2024-02-05 12:53:00,0
2024-02-05 12:54:00,0
2024-02-05 12:56:00,0
2024-02-05 13:20:00,1
2024-02-05 13:34:00,1
2024-02-05 13:35:00,1
2024-02-05 13:37:00,1
2024-02-05 13:38:00,1
2024-02-05 13:44:00,1
2024-02-05 13:53:00,1
2024-02-05 13:55:00,1
2024-02-05 14:05:00,1
2024-02-05 14:06:00,1
2024-02-05 14:11:00,1
2024-02-05 14:16:00,1
2024-02-05 14:19:00,1
2024-02-05 14:58:00,1
2024-02-05 15:00:00,1
2024-02-05 15:01:00,1
2024-02-05 15:31:00,0
2024-02-05 15:32:00,1
2024-02-05 15:57:00,1
2024-02-06 00:00:00,1
2024-02-06 00:01:00,0
2024-02-06 00:19:00,0
2024-02-06 00:20:00,-1
2024-02-06 00:44:00,-1
2024-02-06 00:46:00,1
2024-02-06 00:52:00,1
2024-02-06 01:10:00,0
2024-02-06 01:18:00,0
2024-02-06 01:19:00,0
2024-02-06 01:21:00,-1
2024-02-06 01:22:00,-1
2024-02-06 01:25:00,0
2024-02-06 01:27:00,1
2024-02-06 01:34:00,1
2024-02-06 01:35:00,1
2024-02-06 01:45:00,1
2024-02-06 01:47:00,1
2024-02-06 01:50:00,1
2024-02-06 01:55:00,1
2024-02-06 01:56:00,1
2024-02-06 02:07:00,1
2024-02-06 02:09:00,1
2024-02-06 02:13:00,1
2024-02-06 02:18:00,1
2024-02-06 02:42:00,1
2024-02-06 02:43:00,1
2024-02-06 02:49:00,1
2024-02-06 02:50:00,1
2024-02-06 02:56:00,1
2024-02-06 02:58:00,1
2024-02-06 02:59:00,1
2024-02-06 03:01:00,1
2024-02-06 03:18:00,1
2024-02-06 03:31:00,1
2024-02-06 03:47:00,1
2024-02-06 04:00:00,1
2024-02-06 04:01:00,1
2024-02-06 04:22:00,1
2024-02-06 04:27:00,1
2024-02-06 04:28:00,1
2024-02-06 04:32:00,1
2024-02-06 04:57:00,1
2024-02-06 05:16:00,1
2024-02-06 06:18:00,1
2024-02-06 06:29:00,1
2024-02-06 06:30:00,1
2024-02-06 06:37:00,1
2024-02-06 06:38:00,1
2024-02-06 06:39:00,1
2024-02-06 06:40:00,1
2024-02-06 06:41:00,1
2024-02-06 06:44:00,1
2024-02-06 06:45:00,1
2024-02-06 06:47:00,1
2024-02-06 06:48:00,1
2024-02-06 06:55:00,1
2024-02-06 06:59:00,1
2024-02-06 07:06:00,1
2024-02-06 07:07:00,1
2024-02-06 07:10:00,1
2024-02-06 07:11:00,1
2024-02-06 07:12:00,1
2024-02-06 07:14:00,1
2024-02-06 07:15:00,1
2024-02-06 07:21:00,-1
2024-02-06 07:22:00,-1
2024-02-06 07:24:00,-1
2024-02-06 07:25:00,-1
2024-02-06 07:26:00,-1
2024-02-06 07:27:00,-1
2024-02-06 07:28:00,-1
2024-02-06 07:29:00,-1
2024-02-06 07:30:00,-1
2024-02-06 07:32:00,-1
2024-02-06 07:33:00,-1
2024-02-06 07:34:00,-1
2024-02-06 07:36:00,-1
2024-02-06 07:40:00,-1
2024-02-06 07:41:00,-1
2024-02-06 07:44:00,-1
2024-02-06 07:45:00,-1
2024-02-06 07:47:00,-1
2024-02-06 07:49:00,-1
2024-02-06 07:54:00,-1
2024-02-06 08:05:00,-1
2024-02-06 08:07:00,-1
2024-02-06 08:09:00,-1
2024-02-06 08:11:00,-1
2024-02-06 08:12:00,-1
2024-02-06 08:14:00,-1
2024-02-06 08:21:00,-1
2024-02-06 08:25:00,-1
2024-02-06 08:26:00,-1
2024-02-06 08:27:00,-1
2024-02-06 08:28:00,-1
2024-02-06 08:29:00,-1
2024-02-06 08:37:00,-1
2024-02-06 08:43:00,-1
2024-02-06 08:57:00,-1
2024-02-06 09:05:00,-1
2024-02-06 09:08:00,-1
2024-02-06 09:09:00,-1
2024-02-06 09:10:00,-1
2024-02-06 09:11:00,-1
2024-02-06 09:12:00,-1
2024-02-06 09:13:00,-1
2024-02-06 09:14:00,-1
2024-02-06 09:15:00,-1
2024-02-06 09:16:00,-1
2024-02-06 09:17:00,-1
2024-02-06 09:19:00,-1
2024-02-06 09:20:00,-1
2024-02-06 09:21:00,-1
2024-02-06 09:22:00,-1
2024-02-06 09:23:00,-1
2024-02-06 09:24:00,-1
2024-02-06 09:25:00,-1
2024-02-06 09:26:00,-1
2024-02-06 09:27:00,-1
2024-02-06 09:29:00,-1
2024-02-06 09:30:00,-1
2024-02-06 09:32:00,-1
2024-02-06 09:33:00,0
2024-02-06 09:37:00,0
2024-02-06 09:38:00,1
2024-02-06 09:39:00,1
2024-02-06 09:43:00,1
2024-02-06 09:44:00,1
2024-02-06 09:45:00,1
2024-02-06 09:47:00,1
2024-02-06 09:48:00,1
2024-02-06 09:49:00,1
2024-02-06 09:50:00,1
2024-02-06 09:51:00,1
2024-02-06 09:53:00,1
2024-02-06 09:54:00,1
2024-02-06 09:55:00,1
2024-02-06 09:56:00,1
2024-02-06 09:58:00,1
2024-02-06 09:59:00,1
2024-02-06 10:00:00,1
2024-02-06 10:01:00,1
2024-02-06 10:02:00,1
2024-02-06 10:03:00,1
2024-02-06 10:04:00,1
2024-02-06 10:05:00,1
2024-02-06 10:07:00,1
2024-02-06 10:09:00,1
2024-02-06 10:10:00,1
2024-02-06 10:11:00,1
2024-02-06 10:12:00,1
2024-02-06 10:13:00,0
2024-02-06 10:14:00,0
2024-02-06 10:17:00,0
2024-02-06 10:18:00,0
2024-02-06 10:25:00,-1
2024-02-06 10:29:00,-1
2024-02-06 10:36:00,-1
2024-02-06 10:42:00,-1
2024-02-06 10:43:00,0
2024-02-06 10:44:00,1
2024-02-06 10:47:00,0
2024-02-06 10:48:00,1
2024-02-06 10:53:00,0
2024-02-06 10:54:00,0
2024-02-06 11:00:00,-1
2024-02-06 11:05:00,-1
2024-02-06 11:12:00,-1
2024-02-06 11:15:00,-1
2024-02-06 11:22:00,0
2024-02-06 11:25:00,0
2024-02-06 11:30:00,1
2024-02-06 11:44:00,1
2024-02-06 11:45:00,1
2024-02-06 11:46:00,1
2024-02-06 11:47:00,1
2024-02-06 11:48:00,1
2024-02-06 11:49:00,1
2024-02-06 11:50:00,1
2024-02-06 11:52:00,1
2024-02-06 11:53:00,1
2024-02-06 11:56:00,1
2024-02-06 11:57:00,1
2024-02-06 11:59:00,1
2024-02-06 12:00:00,1
2024-02-06 12:01:00,-1
2024-02-06 12:03:00,-1
2024-02-06 12:04:00,-1
2024-02-06 12:05:00,-1
2024-02-06 12:07:00,-1
2024-02-06 12:10:00,0
2024-02-06 12:11:00,1
2024-02-06 12:13:00,1
2024-02-06 12:14:00,1
2024-02-06 12:15:00,1
2024-02-06 12:16:00,1
2024-02-06 12:21:00,1
2024-02-06 12:25:00,1
2024-02-06 12:33:00,1
2024-02-06 12:40:00,1
2024-02-06 12:43:00,1
2024-02-06 12:44:00,1
2024-02-06 12:46:00,1
2024-02-06 12:47:00,1
2024-02-06 12:49:00,1
2024-02-06 12:50:00,1
2024-02-06 12:51:00,1
2024-02-06 12:52:00,-1
2024-02-06 12:53:00,1
2024-02-06 12:56:00,1
2024-02-06 13:00:00,1
2024-02-06 13:01:00,1
2024-02-06 13:02:00,1
2024-02-06 13:07:00,1
2024-02-06 13:08:00,1
2024-02-06 13:11:00,1
2024-02-06 13:13:00,1
2024-02-06 13:15:00,1
2024-02-06 13:16:00,1
2024-02-06 13:21:00,1
2024-02-06 13:22:00,1
2024-02-06 13:25:00,1
2024-02-06 13:26:00,1
2024-02-06 13:27:00,1
2024-02-06 13:29:00,1
2024-02-06 13:30:00,1
2024-02-06 13:37:00,1
2024-02-06 13:38:00,1
2024-02-06 13:43:00,1
2024-02-06 13:45:00,1
2024-02-06 13:46:00,1
2024-02-06 13:48:00,1
2024-02-06 13:50:00,1
2024-02-06 13:51:00,0
2024-02-06 13:56:00,1
2024-02-06 14:11:00,1
2024-02-06 14:20:00,1
2024-02-06 14:21:00,1
2024-02-06 14:25:00,1
2024-02-06 14:32:00,1
2024-02-06 14:33:00,1
2024-02-06 14:37:00,1
2024-02-06 14:41:00,1
2024-02-06 14:53:00,1
2024-02-06 14:57:00,1
2024-02-06 15:09:00,1
2024-02-06 15:12:00,1
2024-02-06 15:28:00,1
2024-02-06 15:32:00,1
2024-02-06 15:37:00,1
2024-02-06 15:41:00,1
2024-02-06 15:54:00,1
2024-02-06 15:55:00,1
2024-02-07 00:00:00,1
2024-02-07 00:01:00,1
2024-02-07 00:15:00,1
2024-02-07 00:16:00,1
2024-02-07 00:23:00,1
2024-02-07 00:29:00,1
2024-02-07 01:29:00,1
2024-02-07 01:30:00,1
2024-02-07 01:36:00,1
2024-02-07 01:45:00,1
2024-02-07 01:53:00,1
2024-02-07 02:00:00,1
2024-02-07 02:01:00,1
2024-02-07 02:04:00,1
2024-02-07 02:55:00,1
2024-02-07 03:31:00,1
2024-02-07 03:46:00,1
2024-02-07 04:15:00,1
2024-02-07 04:16:00,1
2024-02-07 04:22:00,1
2024-02-07 04:54:00,1
2024-02-07 04:55:00,1
2024-02-07 05:22:00,1
2024-02-07 05:36:00,1
2024-02-07 05:37:00,1
2024-02-07 05:41:00,1
2024-02-07 05:43:00,1
2024-02-07 05:45:00,1
2024-02-07 05:46:00,1
2024-02-07 05:48:00,1
2024-02-07 05:53:00,1
2024-02-07 06:06:00,1
2024-02-07 06:16:00,1
2024-02-07 06:49:00,1
2024-02-07 06:54:00,1
2024-02-07 07:12:00,1
2024-02-07 07:16:00,1
2024-02-07 07:19:00,1
2024-02-07 07:22:00,1
2024-02-07 07:23:00,1
2024-02-07 07:26:00,1
2024-02-07 07:28:00,1
2024-02-07 07:29:00,1
2024-02-07 07:32:00,1
2024-02-07 07:38:00,1
2024-02-07 07:42:00,1
2024-02-07 07:43:00,1
2024-02-07 07:50:00,1
2024-02-07 07:51:00,1
2024-02-07 07:53:00,1
2024-02-07 07:55:00,1
2024-02-07 07:57:00,1
2024-02-07 08:00:00,1
2024-02-07 08:02:00,1
2024-02-07 08:04:00,1
2024-02-07 08:05:00,1
2024-02-07 08:06:00,1
2024-02-07 08:08:00,1
2024-02-07 08:09:00,1
2024-02-07 08:10:00,1
2024-02-07 08:21:00,1
2024-02-07 08:23:00,1
2024-02-07 08:24:00,1
2024-02-07 08:26:00,1
2024-02-07 08:32:00,1
2024-02-07 08:33:00,1
2024-02-07 08:34:00,1
2024-02-07 08:36:00,1
2024-02-07 08:37:00,1
2024-02-07 08:38:00,1
2024-02-07 08:39:00,1
2024-02-07 08:40:00,1
2024-02-07 08:42:00,1
2024-02-07 08:44:00,1
2024-02-07 08:45:00,1
2024-02-07 08:46:00,1
2024-02-07 08:49:00,1
2024-02-07 08:50:00,1
2024-02-07 08:51:00,1
2024-02-07 08:52:00,1
2024-02-07 08:53:00,1
2024-02-07 08:56:00,1
2024-02-07 08:57:00,1
2024-02-07 08:58:00,1
2024-02-07 08:59:00,1
2024-02-07 09:02:00,1
2024-02-07 09:03:00,0
2024-02-07 09:04:00,0
2024-02-07 09:06:00,0
2024-02-07 09:07:00,0
2024-02-07 09:09:00,0
2024-02-07 09:10:00,-1
2024-02-07 09:11:00,0
2024-02-07 09:12:00,-1
2024-02-07 09:13:00,-1
2024-02-07 09:14:00,0
2024-02-07 09:16:00,-1
2024-02-07 09:17:00,-1
2024-02-07 09:19:00,-1
2024-02-07 09:20:00,-1
2024-02-07 09:21:00,-1
2024-02-07 09:23:00,-1
2024-02-07 09:24:00,-1
2024-02-07 09:33:00,-1
2024-02-07 09:34:00,-1
2024-02-07 09:35:00,-1
2024-02-07 09:36:00,-1
2024-02-07 09:37:00,-1
2024-02-07 09:38:00,-1
2024-02-07 09:40:00,-1
2024-02-07 09:42:00,-1
2024-02-07 09:43:00,-1
2024-02-07 09:47:00,-1
2024-02-07 09:49:00,-1
2024-02-07 09:50:00,-1
2024-02-07 09:52:00,-1
2024-02-07 09:56:00,-1
2024-02-07 09:57:00,-1
2024-02-07 09:58:00,-1
2024-02-07 10:01:00,-1
2024-02-07 10:05:00,-1
2024-02-07 10:06:00,-1
2024-02-07 10:11:00,-1
2024-02-07 10:12:00,-1
2024-02-07 10:17:00,-1
2024-02-07 10:22:00,0
2024-02-07 10:32:00,0
2024-02-07 10:33:00,1
2024-02-07 10:34:00,1
2024-02-07 10:36:00,1
2024-02-07 10:38:00,1
2024-02-07 10:40:00,1
2024-02-07 10:42:00,1
2024-02-07 10:46:00,0
2024-02-07 11:12:00,0
2024-02-07 11:16:00,-1
2024-02-07 11:19:00,-1
2024-02-07 11:28:00,-1
2024-02-07 11:29:00,0
2024-02-07 11:32:00,-1
2024-02-07 11:35:00,0
2024-02-07 11:36:00,0
2024-02-07 11:39:00,1
2024-02-07 11:48:00,1
2024-02-07 11:51:00,1
2024-02-07 11:55:00,1
2024-02-07 12:02:00,1
2024-02-07 12:03:00,1
2024-02-07 12:04:00,1
2024-02-07 12:05:00,1
2024-02-07 12:06:00,1
2024-02-07 12:07:00,1
2024-02-07 12:08:00,1
2024-02-07 12:11:00,1
2024-02-07 12:12:00,1
2024-02-07 12:13:00,0
2024-02-07 12:17:00,1
2024-02-07 12:18:00,1
2024-02-07 12:21:00,1
2024-02-07 12:24:00,1
2024-02-07 12:25:00,1
2024-02-07 12:28:00,1
2024-02-07 12:34:00,1
2024-02-07 12:41:00,1
2024-02-07 12:42:00,1
2024-02-07 12:49:00,1
2024-02-07 12:53:00,1
2024-02-07 13:02:00,1
2024-02-07 13:03:00,0
2024-02-07 13:09:00,1
2024-02-07 13:10:00,1
2024-02-07 13:17:00,1
2024-02-07 13:20:00,1
2024-02-07 13:21:00,0
2024-02-07 13:36:00,1
2024-02-07 13:41:00,1
2024-02-07 13:45:00,0
2024-02-07 13:52:00,1
2024-02-07 13:57:00,1
2024-02-07 13:59:00,1
2024-02-07 14:17:00,1
2024-02-07 15:14:00,0
2024-02-07 15:15:00,1
2024-02-07 15:17:00,1
2024-02-07 15:18:00,1
2024-02-07 15:19:00,0
2024-02-07 15:20:00,-1
2024-02-07 15:33:00,-1
2024-02-07 15:36:00,-1
2024-02-07 15:42:00,-1
2024-02-07 15:45:00,-1
2024-02-07 15:49:00,-1
2024-02-07 15:55:00,-1
2024-02-08 00:00:00,-1
2024-02-08 00:01:00,-1
2024-02-08 00:14:00,-1
2024-02-08 00:15:00,-1
2024-02-08 00:16:00,-1
2024-02-08 00:18:00,-1
2024-02-08 00:20:00,1
2024-02-08 00:42:00,0
2024-02-08 00:43:00,1
2024-02-08 01:05:00,1
2024-02-08 01:10:00,1
2024-02-08 01:13:00,1
2024-02-08 01:22:00,1
2024-02-08 01:24:00,1
2024-02-08 01:28:00,1
2024-02-08 01:29:00,1
2024-02-08 01:31:00,1
2024-02-08 01:32:00,1
2024-02-08 01:33:00,1
2024-02-08 01:34:00,1
2024-02-08 01:37:00,0
2024-02-08 02:00:00,1
2024-02-08 02:04:00,1
2024-02-08 02:07:00,1
2024-02-08 02:16:00,1
2024-02-08 02:21:00,1
2024-02-08 02:22:00,1
2024-02-08 02:29:00,1
2024-02-08 02:41:00,1
2024-02-08 03:00:00,1
2024-02-08 04:03:00,1
2024-02-08 04:33:00,1
2024-02-08 04:34:00,1
2024-02-08 04:36:00,1
2024-02-08 04:47:00,1
2024-02-08 04:51:00,1
2024-02-08 04:55:00,1
2024-02-08 04:57:00,1
2024-02-08 04:58:00,1
2024-02-08 05:07:00,1
2024-02-08 05:24:00,1
2024-02-08 05:25:00,1
2024-02-08 05:28:00,1
2024-02-08 05:29:00,1
2024-02-08 05:39:00,1
2024-02-08 05:44:00,1
2024-02-08 05:48:00,1
2024-02-08 06:14:00,1
2024-02-08 06:18:00,1
2024-02-08 06:26:00,1
2024-02-08 06:32:00,1
2024-02-08 06:33:00,1
2024-02-08 06:40:00,1
2024-02-08 06:51:00,1
2024-02-08 06:55:00,1
2024-02-08 07:05:00,1
2024-02-08 07:13:00,1
2024-02-08 07:17:00,1
2024-02-08 07:20:00,1
2024-02-08 07:26:00,1
2024-02-08 07:29:00,1
2024-02-08 07:30:00,1
2024-02-08 07:31:00,1
2024-02-08 07:33:00,1
2024-02-08 07:35:00,1
2024-02-08 07:36:00,1
2024-02-08 07:37:00,1
2024-02-08 07:38:00,1
2024-02-08 07:39:00,1
2024-02-08 07:40:00,1
2024-02-08 07:43:00,1
2024-02-08 07:44:00,0
2024-02-08 07:45:00,0
2024-02-08 07:48:00,0
2024-02-08 07:49:00,1
2024-02-08 07:50:00,1
2024-02-08 07:51:00,1
2024-02-08 07:52:00,1
2024-02-08 07:55:00,1
2024-02-08 07:56:00,1
2024-02-08 08:07:00,1
2024-02-08 08:10:00,1
2024-02-08 08:11:00,1
2024-02-08 08:12:00,1
2024-02-08 08:21:00,1
2024-02-08 08:27:00,1
2024-02-08 08:29:00,1
2024-02-08 08:39:00,1
2024-02-08 08:40:00,1
2024-02-08 08:44:00,1
2024-02-08 08:45:00,1
2024-02-08 09:08:00,1
2024-02-08 09:10:00,1
2024-02-08 09:13:00,1
2024-02-08 09:14:00,1
2024-02-08 09:27:00,0
2024-02-08 09:33:00,1
2024-02-08 09:35:00,1
2024-02-08 09:38:00,-1
2024-02-08 09:49:00,0
2024-02-08 10:00:00,-1
2024-02-08 10:48:00,-1
2024-02-08 10:54:00,0
2024-02-08 10:56:00,0
2024-02-08 10:58:00,1
2024-02-08 10:59:00,1
2024-02-08 11:01:00,-1
2024-02-08 11:04:00,1
2024-02-08 11:06:00,1
2024-02-08 11:39:00,1
2024-02-08 12:02:00,1
2024-02-08 12:03:00,1
2024-02-08 12:05:00,1
2024-02-08 12:09:00,1
2024-02-08 12:10:00,1
2024-02-08 12:13:00,1
2024-02-08 12:14:00,1
2024-02-08 12:15:00,1
2024-02-08 12:16:00,1
2024-02-08 12:25:00,1
2024-02-08 12:53:00,1
2024-02-08 13:28:00,1
2024-02-08 13:34:00,1
2024-02-08 13:36:00,1
2024-02-08 13:37:00,1
2024-02-08 13:52:00,1
2024-02-08 13:58:00,1
2024-02-08 14:05:00,1
2024-02-08 14:09:00,1
2024-02-08 14:10:00,1
2024-02-08 14:11:00,1
2024-02-08 14:13:00,1
2024-02-08 14:35:00,1
2024-02-08 14:36:00,1
2024-02-08 15:16:00,1
2024-02-08 15:42:00,1
2024-02-08 15:45:00,1
2024-02-08 15:46:00,1
2024-02-08 15:47:00,1
2024-02-08 15:49:00,1
2024-02-09 00:00:00,1
2024-02-09 00:01:00,1
2024-02-09 00:12:00,1
2024-02-09 01:32:00,1
2024-02-09 02:05:00,1
2024-02-09 02:06:00,1
2024-02-09 02:14:00,1
2024-02-09 02:15:00,1
2024-02-09 02:20:00,1
2024-02-09 02:26:00,1
2024-02-09 02:30:00,1
2024-02-09 02:36:00,1
2024-02-09 02:38:00,1
2024-02-09 02:44:00,1
2024-02-09 02:45:00,1
2024-02-09 02:48:00,1
2024-02-09 02:53:00,1
2024-02-09 02:54:00,1
2024-02-09 02:57:00,1
2024-02-09 03:26:00,1
2024-02-09 03:38:00,1
2024-02-09 03:51:00,1
2024-02-09 03:58:00,1
2024-02-09 04:48:00,1
2024-02-09 04:49:00,1
2024-02-09 04:51:00,1
2024-02-09 04:57:00,1
2024-02-09 04:58:00,1
2024-02-09 05:35:00,1
2024-02-09 05:36:00,1
2024-02-09 05:50:00,1
2024-02-09 06:08:00,1
2024-02-09 06:09:00,1
2024-02-09 06:11:00,1
2024-02-09 06:13:00,1
2024-02-09 06:15:00,1
2024-02-09 06:18:00,1
2024-02-09 06:19:00,1
2024-02-09 06:22:00,1
2024-02-09 06:25:00,1
2024-02-09 06:27:00,1
2024-02-09 06:30:00,1
2024-02-09 06:32:00,1
2024-02-09 06:35:00,1
2024-02-09 06:38:00,1
2024-02-09 06:39:00,1
2024-02-09 06:43:00,1
2024-02-09 06:44:00,1
2024-02-09 06:50:00,1
2024-02-09 06:51:00,1
2024-02-09 06:52:00,1
2024-02-09 06:53:00,1
2024-02-09 06:54:00,1
2024-02-09 07:06:00,1
2024-02-09 07:10:00,1
2024-02-09 07:11:00,1
2024-02-09 07:16:00,1
2024-02-09 07:20:00,1
2024-02-09 07:29:00,1
2024-02-09 07:30:00,1
2024-02-09 07:31:00,1
2024-02-09 07:32:00,1
2024-02-09 07:33:00,1
2024-02-09 07:34:00,1
2024-02-09 07:35:00,0
2024-02-09 07:36:00,0
2024-02-09 07:37:00,-1
2024-02-09 07:39:00,-1
2024-02-09 07:40:00,-1
2024-02-09 07:43:00,-1
2024-02-09 07:44:00,-1
2024-02-09 07:45:00,-1
2024-02-09 07:46:00,-1
2024-02-09 07:47:00,-1
2024-02-09 07:49:00,-1
2024-02-09 07:51:00,-1
2024-02-09 07:52:00,-1
2024-02-09 07:53:00,-1
2024-02-09 07:54:00,-1
2024-02-09 07:56:00,-1
2024-02-09 07:57:00,-1
2024-02-09 07:58:00,-1
2024-02-09 07:59:00,-1
2024-02-09 08:00:00,-1
2024-02-09 08:01:00,-1
2024-02-09 08:02:00,-1
2024-02-09 08:03:00,-1
2024-02-09 08:04:00,-1
2024-02-09 08:06:00,-1
2024-02-09 08:07:00,-1
2024-02-09 08:10:00,0
2024-02-09 08:16:00,1
2024-02-09 08:17:00,0
2024-02-09 08:18:00,1
2024-02-09 08:20:00,1
2024-02-09 08:21:00,1
2024-02-09 08:22:00,1
2024-02-09 08:23:00,1
2024-02-09 08:24:00,1
2024-02-09 08:28:00,1
2024-02-09 08:31:00,1
2024-02-09 08:32:00,1
2024-02-09 08:33:00,1
2024-02-09 08:34:00,1
2024-02-09 08:35:00,1
2024-02-09 08:36:00,1
2024-02-09 08:38:00,-1
2024-02-09 08:39:00,0
2024-02-09 08:41:00,0
2024-02-09 08:44:00,0
2024-02-09 08:47:00,0
2024-02-09 08:54:00,-1
2024-02-09 08:55:00,-1
2024-02-09 09:02:00,-1
2024-02-09 09:03:00,-1
2024-02-09 09:04:00,-1
2024-02-09 09:05:00,-1
2024-02-09 09:06:00,-1
2024-02-09 09:07:00,-1
2024-02-09 09:08:00,-1
2024-02-09 09:09:00,-1
2024-02-09 09:13:00,-1
2024-02-09 09:16:00,-1
2024-02-09 09:22:00,-1
2024-02-09 09:26:00,-1
2024-02-09 09:29:00,-1
2024-02-09 10:02:00,0
2024-02-09 10:05:00,0
2024-02-09 10:07:00,0
2024-02-09 10:11:00,0
2024-02-09 10:13:00,0
2024-02-09 10:16:00,0
2024-02-09 10:22:00,1
2024-02-09 10:25:00,1
2024-02-09 10:39:00,1
2024-02-09 10:40:00,1
2024-02-09 10:41:00,1
2024-02-09 10:42:00,-1
2024-02-09 10:52:00,1
2024-02-09 11:08:00,-1
2024-02-09 12:02:00,1
2024-02-09 12:07:00,-1
2024-02-09 12:08:00,0
2024-02-09 12:09:00,0
2024-02-09 12:10:00,1
2024-02-09 12:11:00,1
2024-02-09 12:13:00,0
2024-02-09 12:14:00,0
2024-02-09 12:28:00,1
2024-02-09 12:32:00,1
2024-02-09 12:33:00,1
2024-02-09 12:52:00,0
2024-02-09 12:53:00,-1
2024-02-09 12:54:00,-1
2024-02-09 13:07:00,-1
2024-02-09 13:08:00,-1
2024-02-09 13:10:00,-1
2024-02-09 13:18:00,-1
2024-02-09 13:19:00,-1
2024-02-09 13:22:00,-1
2024-02-09 13:31:00,-1
2024-02-09 13:32:00,-1
2024-02-09 13:35:00,-1
2024-02-09 13:36:00,-1
2024-02-09 13:37:00,-1
2024-02-09 13:38:00,-1
2024-02-09 13:39:00,0
2024-02-09 13:40:00,1
2024-02-09 13:42:00,1
2024-02-09 13:43:00,1
2024-02-09 13:44:00,1
2024-02-09 13:45:00,1
2024-02-09 13:55:00,1
2024-02-09 14:04:00,1
2024-02-09 15:08:00,1
2024-02-09 15:41:00,1
2024-02-09 15:45:00,1
2024-02-09 15:59:00,1
2024-02-12 00:00:00,1
2024-02-12 00:01:00,1
2024-02-12 00:33:00,1
2024-02-12 01:09:00,1
2024-02-12 01:23:00,1
2024-02-12 01:24:00,1
2024-02-12 01:27:00,1
2024-02-12 01:28:00,1
2024-02-12 01:29:00,1
2024-02-12 01:45:00,1
2024-02-12 01:46:00,1
2024-02-12 01:57:00,1
2024-02-12 02:00:00,1
2024-02-12 02:02:00,1
2024-02-12 02:09:00,1
2024-02-12 02:10:00,1
2024-02-12 02:11:00,1
2024-02-12 02:16:00,1
2024-02-12 02:17:00,0
2024-02-12 02:19:00,0
2024-02-12 02:24:00,-1
2024-02-12 02:26:00,-1
2024-02-12 02:52:00,-1
2024-02-12 02:59:00,-1
2024-02-12 03:00:00,-1
2024-02-12 03:10:00,-1
2024-02-12 03:11:00,-1
2024-02-12 03:22:00,-1
2024-02-12 03:56:00,-1
2024-02-12 04:08:00,-1
2024-02-12 04:22:00,-1
2024-02-12 04:29:00,-1
2024-02-12 04:49:00,-1
2024-02-12 04:58:00,-1
2024-02-12 05:00:00,-1
2024-02-12 05:06:00,-1
2024-02-12 05:41:00,-1
2024-02-12 05:42:00,-1
2024-02-12 05:51:00,-1
2024-02-12 06:18:00,-1
2024-02-12 06:25:00,-1
2024-02-12 06:26:00,-1
2024-02-12 06:29:00,-1
2024-02-12 06:30:00,-1
2024-02-12 06:50:00,-1
2024-02-12 06:53:00,-1
2024-02-12 07:06:00,1
2024-02-12 07:18:00,-1
2024-02-12 07:31:00,-1
2024-02-12 07:34:00,-1
2024-02-12 07:37:00,-1
2024-02-12 07:38:00,-1
2024-02-12 07:39:00,-1
2024-02-12 07:40:00,-1
2024-02-12 07:44:00,-1
2024-02-12 07:45:00,-1
2024-02-12 07:49:00,-1
2024-02-12 07:53:00,-1
2024-02-12 07:56:00,-1
2024-02-12 07:57:00,-1
2024-02-12 07:59:00,-1
2024-02-12 08:00:00,-1
2024-02-12 08:01:00,-1
2024-02-12 08:03:00,-1
2024-02-12 08:06:00,-1
2024-02-12 08:08:00,-1
2024-02-12 08:11:00,-1
2024-02-12 08:22:00,-1
2024-02-12 08:23:00,-1
2024-02-12 08:24:00,-1
2024-02-12 08:25:00,-1
2024-02-12 08:32:00,-1
2024-02-12 08:33:00,-1
2024-02-12 08:34:00,-1
2024-02-12 08:37:00,-1
2024-02-12 08:38:00,-1
2024-02-12 09:03:00,-1
2024-02-12 09:05:00,-1
2024-02-12 09:24:00,-1
2024-02-12 09:25:00,-1
2024-02-12 09:44:00,-1
2024-02-12 10:39:00,-1
2024-02-12 11:05:00,-1
2024-02-12 11:35:00,-1
2024-02-12 11:44:00,-1
2024-02-12 11:45:00,-1
2024-02-12 12:05:00,-1
2024-02-12 12:32:00,-1
2024-02-12 12:37:00,-1
2024-02-12 13:12:00,-1
2024-02-12 13:28:00,-1
2024-02-12 13:50:00,-1
2024-02-12 14:01:00,-1
2024-02-12 14:04:00,-1
2024-02-12 14:05:00,-1
2024-02-12 14:20:00,-1
2024-02-12 14:21:00,0
2024-02-12 14:42:00,1
2024-02-12 14:50:00,-1
2024-02-12 15:35:00,0
2024-02-12 15:59:00,1
2024-02-12 16:00:00,1
2024-02-13 00:00:00,1
2024-02-13 00:01:00,1
2024-02-13 00:14:00,1
2024-02-13 00:15:00,1
2024-02-13 00:18:00,1
2024-02-13 01:01:00,1
2024-02-13 01:15:00,1
2024-02-13 01:22:00,1
2024-02-13 01:38:00,1
2024-02-13 01:41:00,1
2024-02-13 01:59:00,1
2024-02-13 02:20:00,1
2024-02-13 02:36:00,1
2024-02-13 02:42:00,1
2024-02-13 02:44:00,1
2024-02-13 02:46:00,1
2024-02-13 02:56:00,1
2024-02-13 03:08:00,1
2024-02-13 03:16:00,1
2024-02-13 03:50:00,1
2024-02-13 03:52:00,1
2024-02-13 04:14:00,1
2024-02-13 04:38:00,1
2024-02-13 04:48:00,1
2024-02-13 04:52:00,1
2024-02-13 05:29:00,1
2024-02-13 05:33:00,1
2024-02-13 05:38:00,1
2024-02-13 05:40:00,1
2024-02-13 05:45:00,1
2024-02-13 05:50:00,1
2024-02-13 06:00:00,1
2024-02-13 06:01:00,1
2024-02-13 06:02:00,1
2024-02-13 06:11:00,1
2024-02-13 06:13:00,1
2024-02-13 06:14:00,1
2024-02-13 06:17:00,1
2024-02-13 06:18:00,1
2024-02-13 06:21:00,1
2024-02-13 06:24:00,1
2024-02-13 06:29:00,1
2024-02-13 06:30:00,1
2024-02-13 06:34:00,1
2024-02-13 06:36:00,1
2024-02-13 06:48:00,1
2024-02-13 06:50:00,1
2024-02-13 06:51:00,1
2024-02-13 06:54:00,1
2024-02-13 07:04:00,1
2024-02-13 07:15:00,1
2024-02-13 07:16:00,1
2024-02-13 07:17:00,1
2024-02-13 07:18:00,1
2024-02-13 07:31:00,1
2024-02-13 07:32:00,1
2024-02-13 07:34:00,1
2024-02-13 07:35:00,1
2024-02-13 07:38:00,1
2024-02-13 07:39:00,1
2024-02-13 07:40:00,1
2024-02-13 07:41:00,1
2024-02-13 07:42:00,1
2024-02-13 07:43:00,1
2024-02-13 07:45:00,1
2024-02-13 07:46:00,1
2024-02-13 07:47:00,0
2024-02-13 07:48:00,1
2024-02-13 07:49:00,1
2024-02-13 07:50:00,1
2024-02-13 07:51:00,1
2024-02-13 07:52:00,1
2024-02-13 07:53:00,1
2024-02-13 07:54:00,1
2024-02-13 07:57:00,1
2024-02-13 07:58:00,1
2024-02-13 07:59:00,1
2024-02-13 08:00:00,1
2024-02-13 08:01:00,1
2024-02-13 08:02:00,1
2024-02-13 08:03:00,1
2024-02-13 08:06:00,1
2024-02-13 08:08:00,1
2024-02-13 08:09:00,1
2024-02-13 08:10:00,1
2024-02-13 08:11:00,1
2024-02-13 08:12:00,1
2024-02-13 08:13:00,1
2024-02-13 08:14:00,1
2024-02-13 08:15:00,1
2024-02-13 08:16:00,1
2024-02-13 08:17:00,1
2024-02-13 08:18:00,1
2024-02-13 08:19:00,1
2024-02-13 08:20:00,1
2024-02-13 08:22:00,1
2024-02-13 08:24:00,1
2024-02-13 08:25:00,1
2024-02-13 08:26:00,1
2024-02-13 08:27:00,1
2024-02-13 08:29:00,1
2024-02-13 08:30:00,1
2024-02-13 08:32:00,1
2024-02-13 08:33:00,1
2024-02-13 08:36:00,1
2024-02-13 08:38:00,1
2024-02-13 08:43:00,1
2024-02-13 08:44:00,1
2024-02-13 08:45:00,1
2024-02-13 08:46:00,1
2024-02-13 08:47:00,1
2024-02-13 08:48:00,1
2024-02-13 08:49:00,1
2024-02-13 08:50:00,1
2024-02-13 08:54:00,1
2024-02-13 08:55:00,1
2024-02-13 08:58:00,1
2024-02-13 08:59:00,1
2024-02-13 09:00:00,1
2024-02-13 09:01:00,1
2024-02-13 09:02:00,1
2024-02-13 09:05:00,1
2024-02-13 09:06:00,1
2024-02-13 09:18:00,1
2024-02-13 09:23:00,1
2024-02-13 09:24:00,1
2024-02-13 09:26:00,1
2024-02-13 09:34:00,1
2024-02-13 09:39:00,1
2024-02-13 09:40:00,1
2024-02-13 09:47:00,1
2024-02-13 09:57:00,1
2024-02-13 09:59:00,1
2024-02-13 10:00:00,1
2024-02-13 10:01:00,1
2024-02-13 10:02:00,1
2024-02-13 10:03:00,1
2024-02-13 10:04:00,1
2024-02-13 10:05:00,1
2024-02-13 10:12:00,1
2024-02-13 10:16:00,1
2024-02-13 10:17:00,1
2024-02-13 10:20:00,1
2024-02-13 10:37:00,1
2024-02-13 10:39:00,1
2024-02-13 10:40:00,1
2024-02-13 10:59:00,1
2024-02-13 11:09:00,1
2024-02-13 11:21:00,1
2024-02-13 11:22:00,1
2024-02-13 11:29:00,1
2024-02-13 11:32:00,1
2024-02-13 11:55:00,1
2024-02-13 11:56:00,1
2024-02-13 11:57:00,1
2024-02-13 12:01:00,1
2024-02-13 12:04:00,1
2024-02-13 12:07:00,-1
2024-02-13 12:08:00,0
2024-02-13 12:11:00,0
2024-02-13 12:32:00,-1
2024-02-13 12:34:00,0
2024-02-13 12:35:00,1
2024-02-13 12:37:00,1
2024-02-13 12:53:00,1
2024-02-13 13:02:00,1
2024-02-13 13:06:00,1
2024-02-13 13:07:00,1
2024-02-13 13:13:00,1
2024-02-13 13:14:00,1
2024-02-13 13:20:00,1
2024-02-13 13:21:00,1
2024-02-13 13:23:00,1
2024-02-13 13:24:00,1
2024-02-13 13:27:00,1
2024-02-13 13:28:00,1
2024-02-13 13:31:00,1
2024-02-13 13:32:00,1
2024-02-13 13:33:00,1
2024-02-13 13:39:00,1
2024-02-13 13:40:00,1
2024-02-13 13:43:00,1
2024-02-13 13:44:00,1
2024-02-13 14:00:00,1
2024-02-13 14:04:00,0
2024-02-13 14:16:00,-1
2024-02-13 14:26:00,-1
2024-02-13 14:28:00,-1
2024-02-13 14:45:00,0
2024-02-13 14:46:00,1
2024-02-13 14:48:00,1
2024-02-13 14:51:00,1
2024-02-13 14:56:00,1
2024-02-13 14:59:00,1
2024-02-13 15:02:00,1
2024-02-13 15:09:00,1
2024-02-13 15:12:00,1
2024-02-13 15:27:00,1
2024-02-13 15:34:00,1
2024-02-13 15:35:00,1
2024-02-13 15:37:00,1
2024-02-13 15:38:00,1
2024-02-13 15:47:00,1
2024-02-13 15:57:00,0
2024-02-13 15:58:00,1
2024-02-14 00:00:00,1
2024-02-14 00:01:00,1
2024-02-14 00:13:00,1
2024-02-14 00:14:00,1
2024-02-14 00:19:00,1
2024-02-14 00:34:00,1
2024-02-14 00:35:00,1
2024-02-14 00:36:00,-1
2024-02-14 00:37:00,-1
2024-02-14 00:38:00,0
2024-02-14 00:41:00,-1
2024-02-14 00:42:00,-1
2024-02-14 00:43:00,-1
2024-02-14 00:46:00,-1
2024-02-14 00:59:00,-1
2024-02-14 01:01:00,-1
2024-02-14 01:02:00,-1
2024-02-14 01:08:00,-1
2024-02-14 01:10:00,-1
2024-02-14 01:11:00,-1
2024-02-14 01:16:00,-1
2024-02-14 01:17:00,-1
2024-02-14 01:19:00,-1
2024-02-14 01:24:00,-1
2024-02-14 01:25:00,-1
2024-02-14 01:26:00,-1
2024-02-14 01:27:00,-1
2024-02-14 01:36:00,-1
2024-02-14 01:37:00,-1
2024-02-14 01:38:00,-1
2024-02-14 01:39:00,-1
2024-02-14 01:40:00,-1
2024-02-14 01:41:00,-1
2024-02-14 01:42:00,-1
2024-02-14 01:43:00,-1
2024-02-14 01:45:00,-1
2024-02-14 01:46:00,-1
2024-02-14 01:49:00,-1
2024-02-14 01:50:00,-1
2024-02-14 01:51:00,-1
2024-02-14 01:55:00,0
2024-02-14 01:56:00,0
2024-02-14 01:58:00,1
2024-02-14 01:59:00,0
2024-02-14 02:07:00,0
2024-02-14 02:08:00,0
2024-02-14 02:11:00,-1
2024-02-14 02:17:00,0
2024-02-14 02:27:00,-1
2024-02-14 02:30:00,-1
2024-02-14 02:35:00,-1
2024-02-14 02:37:00,-1
2024-02-14 02:39:00,-1
2024-02-14 02:41:00,-1
2024-02-14 02:43:00,-1
2024-02-14 02:44:00,0
2024-02-14 02:45:00,-1
2024-02-14 02:47:00,0
2024-02-14 02:48:00,0
2024-02-14 02:51:00,-1
2024-02-14 03:05:00,-1
2024-02-14 03:06:00,-1
2024-02-14 03:17:00,-1
2024-02-14 03:18:00,-1
2024-02-14 03:20:00,1
2024-02-14 03:30:00,0
2024-02-14 03:32:00,1
2024-02-14 03:46:00,1
2024-02-14 04:07:00,1
2024-02-14 04:12:00,0
2024-02-14 04:14:00,1
2024-02-14 04:25:00,1
2024-02-14 04:35:00,1
2024-02-14 04:41:00,1
2024-02-14 04:54:00,1
2024-02-14 05:17:00,1
2024-02-14 05:26:00,1
2024-02-14 05:39:00,1
2024-02-14 05:42:00,1
2024-02-14 05:53:00,1
2024-02-14 05:55:00,1
2024-02-14 05:59:00,1
2024-02-14 06:14:00,1
2024-02-14 06:15:00,0
2024-02-14 06:23:00,-1
2024-02-14 06:24:00,-1
2024-02-14 06:29:00,-1
2024-02-14 06:30:00,0
2024-02-14 06:31:00,-1
2024-02-14 06:34:00,-1
2024-02-14 06:35:00,-1
2024-02-14 06:37:00,-1
2024-02-14 06:38:00,-1
2024-02-14 06:40:00,-1
2024-02-14 06:41:00,-1
2024-02-14 06:45:00,-1
2024-02-14 06:49:00,-1
2024-02-14 06:51:00,-1
2024-02-14 06:53:00,-1
2024-02-14 06:58:00,-1
2024-02-14 07:03:00,-1
2024-02-14 07:14:00,-1
2024-02-14 07:15:00,-1
2024-02-14 07:16:00,-1
2024-02-14 07:17:00,-1
2024-02-14 07:18:00,-1
2024-02-14 07:19:00,-1
2024-02-14 07:20:00,-1
2024-02-14 07:23:00,-1
2024-02-14 07:25:00,-1
2024-02-14 07:26:00,-1
2024-02-14 07:27:00,-1
2024-02-14 07:28:00,-1
2024-02-14 07:29:00,-1
2024-02-14 07:32:00,-1
2024-02-14 07:35:00,-1
2024-02-14 07:38:00,-1
2024-02-14 07:39:00,-1
2024-02-14 07:40:00,-1
2024-02-14 07:41:00,-1
2024-02-14 07:42:00,-1
2024-02-14 07:43:00,-1
2024-02-14 07:47:00,-1
2024-02-14 07:50:00,-1
2024-02-14 07:54:00,-1
2024-02-14 07:59:00,-1
2024-02-14 08:01:00,-1
2024-02-14 08:03:00,-1
2024-02-14 08:07:00,-1
2024-02-14 08:12:00,-1
2024-02-14 08:14:00,-1
2024-02-14 08:15:00,-1
2024-02-14 08:17:00,-1
2024-02-14 08:18:00,-1
2024-02-14 08:20:00,-1
2024-02-14 08:27:00,-1
2024-02-14 08:28:00,-1
2024-02-14 08:30:00,-1
2024-02-14 08:31:00,-1
2024-02-14 08:39:00,-1
2024-02-14 08:43:00,-1
2024-02-14 08:45:00,-1
2024-02-14 08:46:00,-1
2024-02-14 08:49:00,0
2024-02-14 08:50:00,0
2024-02-14 08:51:00,1
2024-02-14 08:52:00,1
2024-02-14 08:53:00,0
2024-02-14 08:54:00,1
2024-02-14 08:55:00,0
2024-02-14 08:56:00,1
2024-02-14 08:58:00,1
2024-02-14 08:59:00,1
2024-02-14 09:00:00,1
2024-02-14 09:02:00,1
2024-02-14 09:03:00,1
2024-02-14 09:04:00,1
2024-02-14 09:05:00,1
2024-02-14 09:06:00,1
2024-02-14 09:07:00,0
2024-02-14 09:08:00,-1
2024-02-14 09:09:00,-1
2024-02-14 09:10:00,-1
2024-02-14 09:13:00,-1
2024-02-14 09:14:00,-1
2024-02-14 09:24:00,-1
2024-02-14 09:34:00,-1
2024-02-14 09:35:00,-1
2024-02-14 09:42:00,0
2024-02-14 09:43:00,0
2024-02-14 09:44:00,-1
2024-02-14 10:05:00,-1
2024-02-14 10:06:00,-1
2024-02-14 10:08:00,-1
2024-02-14 10:09:00,-1
2024-02-14 10:12:00,-1
2024-02-14 10:19:00,-1
2024-02-14 10:36:00,-1
2024-02-14 10:38:00,-1
2024-02-14 10:39:00,-1
2024-02-14 10:53:00,-1
2024-02-14 10:54:00,-1
2024-02-14 10:57:00,-1
2024-02-14 10:58:00,-1
2024-02-14 11:01:00,-1
2024-02-14 11:12:00,-1
2024-02-14 11:28:00,-1
2024-02-14 11:29:00,-1
2024-02-14 11:30:00,-1
2024-02-14 11:31:00,-1
2024-02-14 11:32:00,-1
2024-02-14 11:35:00,-1
2024-02-14 11:36:00,-1
2024-02-14 11:37:00,-1
2024-02-14 11:38:00,-1
2024-02-14 11:39:00,-1
2024-02-14 11:46:00,-1
2024-02-14 11:47:00,-1
2024-02-14 12:04:00,-1
2024-02-14 12:05:00,-1
2024-02-14 12:06:00,-1
2024-02-14 12:26:00,-1
2024-02-14 12:41:00,-1
2024-02-14 13:08:00,-1
2024-02-14 13:25:00,-1
2024-02-14 13:31:00,-1
2024-02-14 13:32:00,-1
2024-02-14 13:43:00,-1
2024-02-14 13:48:00,-1
2024-02-14 13:49:00,-1
2024-02-14 13:59:00,-1
2024-02-14 14:04:00,-1
2024-02-14 14:06:00,-1
2024-02-14 14:07:00,-1
2024-02-14 14:10:00,-1
2024-02-14 14:12:00,-1
2024-02-14 14:20:00,-1
2024-02-14 14:21:00,-1
2024-02-14 14:33:00,-1
2024-02-14 14:35:00,-1
2024-02-14 14:40:00,-1
2024-02-14 15:02:00,-1
2024-02-14 15:03:00,-1
2024-02-14 15:16:00,-1
2024-02-14 15:21:00,-1
2024-02-14 15:27:00,-1
2024-02-14 15:32:00,-1
2024-02-14 15:53:00,-1
2024-02-15 00:00:00,-1
2024-02-15 00:01:00,-1
2024-02-15 01:05:00,-1
2024-02-15 01:17:00,-1
2024-02-15 01:35:00,-1
2024-02-15 01:37:00,-1
2024-02-15 01:38:00,-1
2024-02-15 02:01:00,-1
2024-02-15 02:03:00,-1
2024-02-15 02:04:00,-1
2024-02-15 02:05:00,-1
2024-02-15 02:06:00,-1
2024-02-15 02:10:00,-1
2024-02-15 02:13:00,-1
2024-02-15 02:14:00,-1
2024-02-15 02:15:00,-1
2024-02-15 02:18:00,-1
2024-02-15 02:23:00,-1
2024-02-15 02:30:00,-1
2024-02-15 02:34:00,-1
2024-02-15 02:37:00,-1
2024-02-15 02:38:00,-1
2024-02-15 02:55:00,-1
2024-02-15 03:13:00,-1
2024-02-15 03:44:00,-1
2024-02-15 04:16:00,-1
2024-02-15 04:17:00,-1
2024-02-15 04:21:00,-1
2024-02-15 04:22:00,-1
2024-02-15 04:37:00,-1
2024-02-15 05:21:00,-1
2024-02-15 05:30:00,-1
2024-02-15 05:34:00,-1
2024-02-15 05:36:00,-1
2024-02-15 06:02:00,-1
2024-02-15 06:04:00,-1
2024-02-15 06:26:00,-1
2024-02-15 06:37:00,-1
2024-02-15 06:38:00,-1
2024-02-15 06:43:00,-1
2024-02-15 06:48:00,-1
2024-02-15 06:49:00,-1
2024-02-15 06:51:00,-1
2024-02-15 06:52:00,-1
2024-02-15 07:06:00,-1
2024-02-15 07:12:00,-1
2024-02-15 07:13:00,-1
2024-02-15 07:14:00,-1
2024-02-15 07:19:00,-1
2024-02-15 07:20:00,-1
2024-02-15 07:22:00,-1
2024-02-15 07:25:00,-1
2024-02-15 07:26:00,-1
2024-02-15 07:27:00,-1
2024-02-15 07:30:00,-1
2024-02-15 07:31:00,-1
2024-02-15 07:32:00,-1
2024-02-15 07:34:00,0
2024-02-15 07:35:00,1
2024-02-15 07:36:00,1
2024-02-15 07:37:00,1
2024-02-15 07:38:00,-1
2024-02-15 07:39:00,-1
2024-02-15 07:40:00,1
2024-02-15 07:42:00,-1
2024-02-15 07:43:00,-1
2024-02-15 07:44:00,-1
2024-02-15 07:45:00,0
2024-02-15 07:47:00,-1
2024-02-15 07:48:00,-1
2024-02-15 07:49:00,-1
2024-02-15 07:50:00,-1
2024-02-15 07:51:00,0
2024-02-15 07:53:00,1
2024-02-15 07:54:00,1
2024-02-15 07:55:00,0
2024-02-15 07:59:00,0
2024-02-15 08:00:00,1
2024-02-15 08:01:00,1
2024-02-15 08:02:00,0
2024-02-15 08:03:00,-1
2024-02-15 08:04:00,-1
2024-02-15 08:06:00,-1
2024-02-15 08:07:00,-1
2024-02-15 08:09:00,0
2024-02-15 08:10:00,-1
2024-02-15 08:11:00,-1
2024-02-15 08:14:00,-1
2024-02-15 08:15:00,-1
2024-02-15 08:16:00,-1
2024-02-15 08:17:00,-1
2024-02-15 08:18:00,-1
2024-02-15 08:19:00,-1
2024-02-15 08:20:00,-1
2024-02-15 08:21:00,-1
2024-02-15 08:22:00,-1
2024-02-15 08:23:00,-1
2024-02-15 08:24:00,-1
2024-02-15 08:25:00,-1
2024-02-15 08:31:00,-1
2024-02-15 08:32:00,-1
2024-02-15 08:33:00,-1
2024-02-15 08:34:00,-1
2024-02-15 08:40:00,-1
2024-02-15 08:41:00,-1
2024-02-15 08:42:00,-1
2024-02-15 08:43:00,-1
2024-02-15 08:46:00,-1
2024-02-15 08:47:00,-1
2024-02-15 08:48:00,-1
2024-02-15 08:49:00,-1
2024-02-15 08:52:00,-1
2024-02-15 08:53:00,-1
2024-02-15 08:57:00,-1
2024-02-15 09:08:00,-1
2024-02-15 09:09:00,-1
2024-02-15 09:12:00,-1
2024-02-15 09:14:00,-1
2024-02-15 09:22:00,-1
2024-02-15 09:23:00,-1
2024-02-15 09:36:00,-1
2024-02-15 09:37:00,-1
2024-02-15 09:39:00,-1
2024-02-15 09:40:00,-1
2024-02-15 09:41:00,-1
2024-02-15 09:42:00,-1
2024-02-15 09:46:00,-1
2024-02-15 09:51:00,-1
2024-02-15 09:55:00,-1
2024-02-15 09:59:00,-1
2024-02-15 10:00:00,-1
2024-02-15 10:01:00,-1
2024-02-15 10:03:00,-1
2024-02-15 10:04:00,-1
2024-02-15 10:06:00,-1
2024-02-15 10:08:00,-1
2024-02-15 10:09:00,-1
2024-02-15 10:10:00,-1
2024-02-15 10:16:00,-1
2024-02-15 10:17:00,-1
2024-02-15 10:18:00,-1
2024-02-15 10:19:00,-1
2024-02-15 10:20:00,-1
2024-02-15 10:22:00,-1
2024-02-15 10:25:00,-1
2024-02-15 10:27:00,-1
2024-02-15 10:28:00,-1
2024-02-15 10:29:00,-1
2024-02-15 10:30:00,-1
2024-02-15 10:31:00,-1
2024-02-15 10:32:00,-1
2024-02-15 10:36:00,-1
2024-02-15 10:37:00,-1
2024-02-15 10:42:00,-1
2024-02-15 10:43:00,-1
2024-02-15 10:46:00,-1
2024-02-15 10:47:00,-1
2024-02-15 10:51:00,-1
2024-02-15 10:54:00,-1
2024-02-15 11:01:00,-1
2024-02-15 11:18:00,-1
2024-02-15 11:19:00,-1
2024-02-15 11:26:00,-1
2024-02-15 11:43:00,-1
2024-02-15 11:56:00,-1
2024-02-15 12:06:00,-1
2024-02-15 12:11:00,-1
2024-02-15 12:12:00,-1
2024-02-15 12:18:00,-1
2024-02-15 12:25:00,-1
2024-02-15 12:26:00,-1
2024-02-15 12:30:00,-1
2024-02-15 12:36:00,1
2024-02-15 12:45:00,1
2024-02-15 12:46:00,1
2024-02-15 12:53:00,1
2024-02-15 12:54:00,1
2024-02-15 13:16:00,1
2024-02-15 13:37:00,1
2024-02-15 13:53:00,1
2024-02-15 14:02:00,1
2024-02-15 14:08:00,0
2024-02-15 14:40:00,0
2024-02-15 15:02:00,1
2024-02-15 15:15:00,-1
2024-02-15 15:22:00,-1
2024-02-15 15:23:00,-1
2024-02-15 15:43:00,0
2024-02-15 15:47:00,0
2024-02-15 16:00:00,0
2024-02-16 00:00:00,0
2024-02-16 00:01:00,0
2024-02-16 00:33:00,-1
2024-02-16 01:01:00,0
2024-02-16 01:16:00,1
2024-02-16 01:40:00,1
2024-02-16 02:12:00,-1
2024-02-16 02:13:00,-1
2024-02-16 02:17:00,-1
2024-02-16 02:18:00,-1
2024-02-16 02:25:00,-1
2024-02-16 02:33:00,-1
2024-02-16 02:34:00,-1
2024-02-16 02:48:00,-1
2024-02-16 02:49:00,-1
2024-02-16 03:00:00,0
2024-02-16 03:18:00,0
2024-02-16 03:19:00,1
2024-02-16 03:42:00,0
2024-02-16 03:43:00,0
2024-02-16 04:06:00,0
2024-02-16 05:18:00,0
2024-02-16 05:19:00,1
2024-02-16 05:28:00,1
2024-02-16 05:33:00,1
2024-02-16 05:58:00,1
2024-02-16 06:07:00,1
2024-02-16 06:08:00,1
2024-02-16 06:10:00,1
2024-02-16 06:30:00,0
2024-02-16 06:35:00,1
2024-02-16 06:43:00,1
2024-02-16 06:47:00,1
2024-02-16 06:49:00,1
2024-02-16 07:00:00,1
2024-02-16 07:01:00,1
2024-02-16 07:02:00,1
2024-02-16 07:04:00,1
2024-02-16 07:05:00,1
2024-02-16 07:07:00,1
2024-02-16 07:08:00,1
2024-02-16 07:11:00,1
2024-02-16 07:21:00,1
2024-02-16 07:22:00,0
2024-02-16 07:23:00,0
2024-02-16 07:27:00,-1
2024-02-16 07:28:00,-1
2024-02-16 07:30:00,0
2024-02-16 07:31:00,-1
2024-02-16 07:32:00,-1
2024-02-16 07:33:00,-1
2024-02-16 07:34:00,-1
2024-02-16 07:35:00,-1
2024-02-16 07:36:00,-1
2024-02-16 07:37:00,-1
2024-02-16 07:38:00,-1
2024-02-16 07:41:00,-1
2024-02-16 07:42:00,-1
2024-02-16 07:43:00,0
2024-02-16 07:44:00,1
2024-02-16 07:45:00,1
2024-02-16 07:46:00,1
2024-02-16 07:49:00,1
2024-02-16 07:50:00,1
2024-02-16 07:51:00,1
2024-02-16 07:52:00,1
2024-02-16 07:53:00,1
2024-02-16 07:54:00,1
2024-02-16 07:55:00,1
2024-02-16 07:56:00,1
2024-02-16 07:57:00,1
2024-02-16 07:58:00,1
2024-02-16 07:59:00,1
2024-02-16 08:00:00,1
2024-02-16 08:01:00,1
2024-02-16 08:02:00,1
2024-02-16 08:03:00,1
2024-02-16 08:04:00,1
2024-02-16 08:05:00,1
2024-02-16 08:06:00,1
2024-02-16 08:07:00,1
2024-02-16 08:08:00,1
2024-02-16 08:09:00,1
2024-02-16 08:10:00,1
2024-02-16 08:11:00,1
2024-02-16 08:12:00,1
2024-02-16 08:13:00,1
2024-02-16 08:14:00,1
2024-02-16 08:15:00,1
2024-02-16 08:17:00,1
2024-02-16 08:18:00,1
2024-02-16 08:19:00,1
2024-02-16 08:20:00,1
2024-02-16 08:21:00,1
2024-02-16 08:23:00,1
2024-02-16 08:24:00,1
2024-02-16 08:25:00,1
2024-02-16 08:27:00,1
2024-02-16 08:28:00,1
2024-02-16 08:37:00,0
2024-02-16 08:38:00,0
2024-02-16 08:39:00,0
2024-02-16 08:40:00,-1
2024-02-16 08:42:00,0
2024-02-16 08:43:00,1
2024-02-16 08:44:00,1
2024-02-16 08:45:00,1
2024-02-16 08:48:00,0
2024-02-16 08:49:00,-1
2024-02-16 08:51:00,0
2024-02-16 08:52:00,0
2024-02-16 08:55:00,1
2024-02-16 08:59:00,1
2024-02-16 09:01:00,1
2024-02-16 09:02:00,1
2024-02-16 09:03:00,1
2024-02-16 09:04:00,1
2024-02-16 09:05:00,1
2024-02-16 09:06:00,-1
2024-02-16 09:08:00,-1
2024-02-16 09:09:00,-1
2024-02-16 09:12:00,-1
2024-02-16 09:13:00,-1
2024-02-16 09:15:00,-1
2024-02-16 09:21:00,-1
2024-02-16 09:22:00,-1
2024-02-16 09:23:00,-1
2024-02-16 09:24:00,-1
2024-02-16 09:26:00,-1
2024-02-16 09:31:00,-1
2024-02-16 09:32:00,-1
2024-02-16 09:33:00,-1
2024-02-16 09:37:00,-1
2024-02-16 09:38:00,-1
2024-02-16 09:43:00,-1
2024-02-16 09:44:00,-1
2024-02-16 09:45:00,-1
2024-02-16 09:46:00,-1
2024-02-16 09:47:00,-1
2024-02-16 09:49:00,-1
2024-02-16 09:50:00,-1
2024-02-16 09:51:00,-1
2024-02-16 09:53:00,-1
2024-02-16 09:54:00,-1
2024-02-16 09:55:00,-1
2024-02-16 09:57:00,-1
2024-02-16 09:58:00,-1
2024-02-16 10:00:00,-1
2024-02-16 10:10:00,-1
2024-02-16 10:11:00,-1
2024-02-16 10:13:00,-1
2024-02-16 10:30:00,-1
2024-02-16 10:33:00,-1
2024-02-16 10:40:00,-1
2024-02-16 10:51:00,-1
2024-02-16 10:52:00,-1
2024-02-16 10:59:00,-1
2024-02-16 11:00:00,-1
2024-02-16 11:01:00,-1
2024-02-16 11:30:00,-1
2024-02-16 11:56:00,-1
2024-02-16 12:05:00,-1
2024-02-16 12:06:00,-1
2024-02-16 12:28:00,-1
2024-02-16 12:29:00,-1
2024-02-16 12:38:00,-1
2024-02-16 13:10:00,-1
2024-02-16 13:33:00,-1
2024-02-16 13:54:00,-1
2024-02-16 14:03:00,-1
2024-02-16 14:33:00,-1
2024-02-16 14:55:00,-1
2024-02-16 15:02:00,-1
2024-02-16 15:07:00,-1
2024-02-19 00:00:00,-1
2024-02-19 00:01:00,-1
2024-02-19 00:28:00,-1
2024-02-19 00:29:00,-1
2024-02-19 01:53:00,-1
2024-02-19 01:54:00,-1
2024-02-19 02:12:00,-1
2024-02-19 02:56:00,-1
2024-02-19 03:16:00,-1
2024-02-19 03:19:00,-1
2024-02-19 03:26:00,-1
2024-02-19 04:42:00,-1
2024-02-19 05:00:00,-1
2024-02-19 05:07:00,-1
2024-02-19 05:43:00,-1
2024-02-19 06:33:00,-1
2024-02-19 06:39:00,-1
2024-02-19 06:52:00,-1
2024-02-19 07:03:00,-1
2024-02-19 07:20:00,-1
2024-02-19 07:37:00,-1
2024-02-19 07:50:00,-1
2024-02-19 08:59:00,-1
2024-02-19 09:04:00,-1
2024-02-19 09:06:00,-1
2024-02-19 09:13:00,-1
2024-02-19 09:14:00,-1
2024-02-19 09:37:00,-1
2024-02-19 09:39:00,-1
2024-02-19 09:56:00,-1
2024-02-19 10:20:00,-1
2024-02-20 00:00:00,-1
2024-02-20 00:01:00,-1
2024-02-20 00:55:00,-1
2024-02-20 00:56:00,-1
2024-02-20 01:06:00,-1
2024-02-20 01:07:00,-1
2024-02-20 01:12:00,-1
2024-02-20 01:13:00,-1
2024-02-20 01:14:00,-1
2024-02-20 01:15:00,-1
2024-02-20 01:24:00,-1
2024-02-20 01:37:00,-1
2024-02-20 01:38:00,-1
2024-02-20 01:45:00,-1
2024-02-20 01:46:00,-1
2024-02-20 01:57:00,-1
2024-02-20 02:15:00,-1
2024-02-20 02:19:00,-1
2024-02-20 02:30:00,-1
2024-02-20 02:31:00,-1
2024-02-20 02:34:00,-1
2024-02-20 03:28:00,-1
2024-02-20 03:30:00,-1
2024-02-20 03:51:00,-1
2024-02-20 03:52:00,-1
2024-02-20 04:06:00,-1
2024-02-20 04:09:00,-1
2024-02-20 04:18:00,-1
2024-02-20 04:19:00,-1
2024-02-20 04:20:00,-1
2024-02-20 04:21:00,-1
2024-02-20 04:24:00,-1
2024-02-20 04:25:00,-1
2024-02-20 04:32:00,-1
2024-02-20 04:33:00,-1
2024-02-20 05:42:00,-1
2024-02-20 05:43:00,-1
2024-02-20 05:48:00,-1
2024-02-20 06:02:00,-1
2024-02-20 06:14:00,-1
2024-02-20 06:15:00,-1
2024-02-20 06:26:00,-1
2024-02-20 06:36:00,-1
2024-02-20 07:11:00,-1
2024-02-20 07:12:00,-1
2024-02-20 07:15:00,-1
2024-02-20 07:19:00,-1
2024-02-20 07:25:00,-1
2024-02-20 07:26:00,-1
2024-02-20 07:30:00,-1
2024-02-20 07:31:00,-1
2024-02-20 07:32:00,-1
2024-02-20 07:33:00,-1
2024-02-20 07:34:00,-1
2024-02-20 07:35:00,-1
2024-02-20 07:36:00,-1
2024-02-20 07:41:00,-1
2024-02-20 07:42:00,-1
2024-02-20 07:51:00,-1
2024-02-20 07:52:00,-1
2024-02-20 07:53:00,-1
2024-02-20 07:54:00,-1
2024-02-20 07:56:00,-1
2024-02-20 08:00:00,-1
2024-02-20 08:01:00,-1
2024-02-20 08:05:00,-1
2024-02-20 08:10:00,-1
2024-02-20 08:23:00,-1
2024-02-20 08:24:00,-1
2024-02-20 08:34:00,-1
2024-02-20 08:35:00,-1
2024-02-20 08:36:00,-1
2024-02-20 08:37:00,-1
2024-02-20 08:38:00,-1
2024-02-20 08:44:00,-1
2024-02-20 08:45:00,-1
2024-02-20 08:51:00,-1
2024-02-20 08:56:00,-1
2024-02-20 08:57:00,-1
2024-02-20 09:01:00,-1
2024-02-20 09:02:00,-1
2024-02-20 09:03:00,-1
2024-02-20 09:04:00,-1
2024-02-20 09:05:00,-1
2024-02-20 09:06:00,0
2024-02-20 09:07:00,1
2024-02-20 09:08:00,1
2024-02-20 09:09:00,1
2024-02-20 09:15:00,-1
2024-02-20 09:16:00,0
2024-02-20 09:26:00,0
2024-02-20 09:27:00,0
2024-02-20 09:37:00,1
2024-02-20 09:39:00,-1
2024-02-20 09:48:00,0
2024-02-20 09:49:00,1
2024-02-20 10:03:00,0
2024-02-20 10:04:00,-1
2024-02-20 10:05:00,-1
2024-02-20 10:06:00,-1
2024-02-20 10:07:00,-1
2024-02-20 11:09:00,-1
2024-02-20 11:13:00,-1
2024-02-20 11:18:00,-1
2024-02-20 12:19:00,-1
2024-02-20 12:20:00,-1
2024-02-20 12:21:00,-1
2024-02-20 12:25:00,-1
2024-02-20 12:29:00,-1
2024-02-20 12:39:00,-1
2024-02-20 12:47:00,-1
2024-02-20 13:01:00,-1
2024-02-20 13:02:00,-1
2024-02-20 13:13:00,-1
2024-02-20 13:18:00,-1
2024-02-20 13:19:00,-1
2024-02-20 13:52:00,-1
2024-02-20 13:58:00,-1
2024-02-20 14:00:00,-1
2024-02-20 14:01:00,-1
2024-02-20 15:18:00,-1
2024-02-21 00:00:00,-1
2024-02-21 00:01:00,-1
2024-02-21 01:03:00,-1
2024-02-21 01:16:00,-1
2024-02-21 02:26:00,-1
2024-02-21 02:47:00,-1
2024-02-21 03:40:00,-1
2024-02-21 04:45:00,-1
2024-02-21 04:46:00,-1
2024-02-21 05:16:00,-1
2024-02-21 05:51:00,-1
2024-02-21 06:13:00,-1
2024-02-21 06:19:00,-1
2024-02-21 06:21:00,-1
2024-02-21 06:23:00,-1
2024-02-21 06:25:00,-1
2024-02-21 06:27:00,-1
2024-02-21 06:33:00,-1
2024-02-21 06:35:00,-1
2024-02-21 06:37:00,-1
2024-02-21 07:06:00,-1
2024-02-21 07:07:00,-1
2024-02-21 07:12:00,-1
2024-02-21 07:21:00,-1
2024-02-21 07:33:00,-1
2024-02-21 07:38:00,-1
2024-02-21 07:41:00,-1
2024-02-21 07:43:00,-1
2024-02-21 07:45:00,-1
2024-02-21 08:05:00,-1
2024-02-21 08:15:00,-1
2024-02-21 08:19:00,-1
2024-02-21 08:22:00,-1
2024-02-21 08:29:00,-1
2024-02-21 08:40:00,-1
2024-02-21 08:51:00,-1
2024-02-21 08:57:00,-1
2024-02-21 09:09:00,-1
2024-02-21 09:20:00,-1
2024-02-21 09:23:00,-1
2024-02-21 09:24:00,-1
2024-02-21 09:25:00,-1
2024-02-21 09:31:00,-1
2024-02-21 09:32:00,-1
2024-02-21 09:36:00,-1
2024-02-21 09:37:00,-1
2024-02-21 09:39:00,-1
2024-02-21 09:44:00,-1
2024-02-21 09:45:00,-1
2024-02-21 09:46:00,-1
2024-02-21 09:52:00,-1
2024-02-21 09:56:00,-1
2024-02-21 09:57:00,-1
2024-02-21 09:59:00,-1
2024-02-21 10:00:00,-1
2024-02-21 10:05:00,-1
2024-02-21 10:07:00,-1
2024-02-21 10:08:00,-1
2024-02-21 10:12:00,-1
2024-02-21 10:16:00,-1
2024-02-21 10:17:00,-1
2024-02-21 10:21:00,-1
2024-02-21 10:22:00,-1
2024-02-21 10:23:00,-1
2024-02-21 10:24:00,-1
2024-02-21 10:28:00,-1
2024-02-21 10:34:00,-1
2024-02-21 10:35:00,-1
2024-02-21 10:59:00,-1
2024-02-21 11:00:00,-1
2024-02-21 11:06:00,-1
2024-02-21 11:07:00,-1
2024-02-21 11:14:00,-1
2024-02-21 11:15:00,-1
2024-02-21 11:23:00,-1
2024-02-21 11:24:00,-1
2024-02-21 11:33:00,-1
2024-02-21 11:36:00,-1
2024-02-21 11:42:00,-1
2024-02-21 11:43:00,-1
2024-02-21 11:46:00,-1
2024-02-21 11:55:00,-1
2024-02-21 11:57:00,-1
2024-02-21 12:02:00,-1
2024-02-21 12:03:00,-1
2024-02-21 12:04:00,-1
2024-02-21 12:06:00,-1
2024-02-21 12:07:00,-1
2024-02-21 12:08:00,-1
2024-02-21 12:09:00,-1
2024-02-21 12:13:00,-1
2024-02-21 12:14:00,-1
2024-02-21 12:17:00,-1
2024-02-21 12:32:00,-1
2024-02-21 12:33:00,-1
2024-02-21 12:35:00,-1
2024-02-21 12:36:00,-1
2024-02-21 12:38:00,-1
2024-02-21 12:44:00,-1
2024-02-21 12:45:00,-1
2024-02-21 12:46:00,-1
2024-02-21 12:47:00,-1
2024-02-21 12:48:00,-1
2024-02-21 12:51:00,-1
2024-02-21 13:00:00,-1
2024-02-21 13:01:00,-1
2024-02-21 13:04:00,-1
2024-02-21 13:05:00,-1
2024-02-21 13:07:00,-1
2024-02-21 13:08:00,-1
2024-02-21 13:09:00,-1
2024-02-21 13:10:00,-1
2024-02-21 13:11:00,-1
2024-02-21 13:12:00,1
2024-02-21 13:13:00,0
2024-02-21 13:14:00,-1
2024-02-21 13:16:00,-1
2024-02-21 13:18:00,-1
2024-02-21 13:19:00,-1
2024-02-21 13:21:00,-1
2024-02-21 13:22:00,-1
2024-02-21 13:23:00,-1
2024-02-21 13:26:00,-1
2024-02-21 13:27:00,-1
2024-02-21 13:30:00,1
2024-02-21 13:32:00,1
2024-02-21 13:37:00,0
2024-02-21 13:48:00,0
2024-02-21 13:49:00,0
2024-02-21 13:50:00,1
2024-02-21 13:53:00,1
2024-02-21 14:10:00,1
2024-02-21 14:19:00,1
2024-02-21 14:51:00,1
2024-02-21 14:52:00,-1
2024-02-21 14:58:00,-1
2024-02-21 15:01:00,1
2024-02-21 15:04:00,0
2024-02-21 15:06:00,-1
2024-02-21 15:08:00,-1
2024-02-21 15:09:00,-1
2024-02-21 15:11:00,-1
2024-02-21 15:13:00,-1
2024-02-21 15:15:00,-1
2024-02-21 15:17:00,-1
2024-02-21 15:21:00,-1
2024-02-21 15:22:00,-1
2024-02-21 15:24:00,-1
2024-02-21 15:26:00,-1
2024-02-21 15:28:00,-1
2024-02-21 15:51:00,-1
2024-02-22 00:00:00,-1
2024-02-22 00:01:00,-1
2024-02-22 00:39:00,-1
2024-02-22 01:05:00,0
2024-02-22 01:06:00,0
2024-02-22 01:18:00,-1
2024-02-22 01:19:00,1
2024-02-22 01:23:00,1
2024-02-22 01:30:00,0
2024-02-22 01:33:00,-1
2024-02-22 01:47:00,-1
2024-02-22 02:05:00,0
2024-02-22 02:07:00,0
2024-02-22 02:10:00,0
2024-02-22 02:12:00,1
2024-02-22 02:15:00,0
2024-02-22 02:16:00,-1
2024-02-22 02:17:00,-1
2024-02-22 02:19:00,-1
2024-02-22 02:20:00,0
2024-02-22 02:30:00,1
2024-02-22 02:31:00,1
2024-02-22 02:33:00,1
2024-02-22 02:35:00,1
2024-02-22 02:36:00,1
2024-02-22 02:37:00,1
2024-02-22 02:38:00,1
2024-02-22 02:39:00,1
2024-02-22 02:48:00,1
2024-02-22 02:51:00,1
2024-02-22 02:52:00,1
2024-02-22 02:53:00,1
2024-02-22 02:59:00,1
2024-02-22 03:04:00,1
2024-02-22 03:05:00,1
2024-02-22 03:10:00,1
2024-02-22 03:14:00,1
2024-02-22 03:27:00,1
2024-02-22 03:36:00,1
2024-02-22 03:40:00,1
2024-02-22 03:41:00,1
2024-02-22 03:43:00,1
2024-02-22 03:44:00,1
2024-02-22 03:50:00,1
2024-02-22 03:53:00,1
2024-02-22 03:54:00,1
2024-02-22 03:56:00,1
2024-02-22 04:00:00,1
2024-02-22 04:01:00,1
2024-02-22 04:11:00,1
2024-02-22 04:19:00,1
2024-02-22 04:20:00,1
2024-02-22 04:21:00,1
2024-02-22 04:34:00,1
2024-02-22 04:36:00,1
2024-02-22 05:01:00,1
2024-02-22 05:56:00,1
2024-02-22 06:34:00,1
2024-02-22 06:35:00,1
2024-02-22 06:37:00,1
2024-02-22 06:38:00,1
2024-02-22 06:39:00,1
2024-02-22 06:40:00,1
2024-02-22 06:46:00,1
2024-02-22 06:47:00,1
2024-02-22 06:57:00,1
2024-02-22 06:58:00,1
2024-02-22 07:02:00,1
2024-02-22 07:05:00,1
2024-02-22 07:06:00,1
2024-02-22 07:09:00,1
2024-02-22 07:13:00,1
2024-02-22 07:14:00,1
2024-02-22 07:17:00,1
2024-02-22 07:20:00,1
2024-02-22 07:22:00,1
2024-02-22 07:23:00,1
2024-02-22 07:25:00,1
2024-02-22 07:26:00,1
2024-02-22 07:27:00,1
2024-02-22 07:28:00,1
2024-02-22 07:30:00,1
2024-02-22 07:31:00,-1
2024-02-22 07:32:00,-1
2024-02-22 07:34:00,-1
2024-02-22 07:35:00,-1
2024-02-22 07:36:00,-1
2024-02-22 07:37:00,-1
2024-02-22 07:41:00,-1
2024-02-22 07:43:00,0
2024-02-22 07:44:00,0
2024-02-22 07:45:00,0
2024-02-22 07:47:00,1
2024-02-22 07:49:00,0
2024-02-22 07:50:00,0
2024-02-22 07:51:00,0
2024-02-22 07:55:00,0
2024-02-22 07:56:00,0
2024-02-22 07:57:00,-1
2024-02-22 07:59:00,-1
2024-02-22 08:00:00,-1
2024-02-22 08:02:00,1
2024-02-22 08:03:00,1
2024-02-22 08:04:00,1
2024-02-22 08:07:00,1
2024-02-22 08:09:00,1
2024-02-22 08:10:00,1
2024-02-22 08:15:00,1
2024-02-22 08:17:00,1
2024-02-22 08:18:00,1
2024-02-22 08:19:00,1
2024-02-22 08:21:00,1
2024-02-22 08:22:00,1
2024-02-22 08:24:00,1
2024-02-22 08:25:00,0
2024-02-22 08:27:00,-1
2024-02-22 08:28:00,-1
2024-02-22 08:29:00,0
2024-02-22 08:32:00,1
2024-02-22 08:33:00,1
2024-02-22 08:35:00,1
2024-02-22 08:36:00,1
2024-02-22 08:37:00,1
2024-02-22 08:38:00,1
2024-02-22 08:41:00,1
2024-02-22 08:43:00,1
2024-02-22 08:44:00,1
2024-02-22 08:45:00,1
2024-02-22 08:46:00,1
2024-02-22 08:47:00,1
2024-02-22 08:48:00,1
2024-02-22 08:49:00,1
2024-02-22 08:50:00,1
2024-02-22 08:51:00,1
2024-02-22 08:53:00,1
2024-02-22 08:54:00,1
2024-02-22 08:56:00,1
2024-02-22 08:57:00,1
2024-02-22 09:00:00,1
2024-02-22 09:01:00,1
2024-02-22 09:02:00,1
2024-02-22 09:04:00,1
2024-02-22 09:05:00,1
2024-02-22 09:06:00,1
2024-02-22 09:07:00,1
2024-02-22 09:08:00,1
2024-02-22 09:09:00,1
2024-02-22 09:10:00,1
2024-02-22 09:11:00,1
2024-02-22 09:12:00,1
2024-02-22 09:13:00,1
2024-02-22 09:16:00,1
2024-02-22 09:17:00,1
2024-02-22 09:27:00,1
2024-02-22 09:28:00,1
2024-02-22 09:33:00,1
2024-02-22 09:34:00,1
2024-02-22 09:40:00,1
2024-02-22 09:41:00,1
2024-02-22 09:44:00,1
2024-02-22 09:45:00,1
2024-02-22 09:46:00,1
2024-02-22 09:49:00,1
2024-02-22 09:55:00,1
2024-02-22 09:57:00,1
2024-02-22 09:59:00,1
2024-02-22 10:02:00,1
2024-02-22 10:03:00,1
2024-02-22 10:05:00,1
2024-02-22 10:09:00,1
2024-02-22 10:14:00,1
2024-02-22 10:15:00,1
2024-02-22 10:16:00,1
2024-02-22 10:17:00,1
2024-02-22 10:24:00,1
2024-02-22 10:28:00,1
2024-02-22 10:29:00,1
2024-02-22 10:30:00,1
2024-02-22 10:32:00,1
2024-02-22 10:33:00,1
2024-02-22 10:38:00,1
2024-02-22 10:39:00,1
2024-02-22 10:41:00,1
2024-02-22 10:43:00,1
2024-02-22 10:46:00,1
2024-02-22 10:51:00,1
2024-02-22 10:59:00,1
2024-02-22 11:00:00,1
2024-02-22 11:17:00,1
2024-02-22 11:29:00,1
2024-02-22 11:36:00,1
2024-02-22 11:56:00,1
2024-02-22 12:03:00,1
2024-02-22 12:05:00,1
2024-02-22 12:08:00,1
2024-02-22 12:11:00,1
2024-02-22 12:12:00,1
2024-02-22 12:13:00,1
2024-02-22 12:15:00,1
2024-02-22 12:19:00,1
2024-02-22 12:31:00,1
2024-02-22 12:32:00,1
2024-02-22 12:36:00,1
2024-02-22 12:37:00,1
2024-02-22 12:39:00,1
2024-02-22 12:46:00,1
2024-02-22 12:51:00,1
2024-02-22 12:52:00,0
2024-02-22 12:54:00,-1
2024-02-22 13:07:00,-1
2024-02-22 13:09:00,-1
2024-02-22 13:18:00,-1
2024-02-22 13:45:00,-1
2024-02-22 13:48:00,-1
2024-02-22 13:49:00,-1
2024-02-22 14:16:00,-1
2024-02-22 14:26:00,-1
2024-02-22 14:27:00,-1
2024-02-22 14:31:00,-1
2024-02-22 14:32:00,-1
2024-02-22 14:50:00,-1
2024-02-22 14:54:00,-1
2024-02-22 14:58:00,-1
2024-02-22 14:59:00,-1
2024-02-22 15:32:00,-1
2024-02-22 15:37:00,-1
2024-02-22 15:38:00,-1
2024-02-23 00:00:00,-1
2024-02-23 00:01:00,-1
2024-02-23 00:25:00,-1
2024-02-23 00:45:00,-1
2024-02-23 00:46:00,-1
2024-02-23 00:52:00,-1
2024-02-23 00:53:00,-1
2024-02-23 00:56:00,-1
2024-02-23 00:57:00,-1
2024-02-23 01:02:00,-1
2024-02-23 01:15:00,-1
2024-02-23 01:29:00,-1
2024-02-23 01:30:00,-1
2024-02-23 01:32:00,-1
2024-02-23 01:33:00,-1
2024-02-23 01:45:00,-1
2024-02-23 01:49:00,-1
2024-02-23 01:50:00,-1
2024-02-23 01:51:00,-1
2024-02-23 01:53:00,-1
2024-02-23 01:54:00,-1
2024-02-23 01:59:00,-1
2024-02-23 02:03:00,-1
2024-02-23 02:04:00,-1
2024-02-23 02:05:00,-1
2024-02-23 02:06:00,-1
2024-02-23 02:11:00,-1
2024-02-23 02:12:00,-1
2024-02-23 02:23:00,-1
2024-02-23 02:38:00,-1
2024-02-23 02:55:00,-1
2024-02-23 03:01:00,-1
2024-02-23 03:03:00,-1
2024-02-23 03:28:00,-1
2024-02-23 03:51:00,-1
2024-02-23 04:01:00,-1
2024-02-23 04:09:00,-1
2024-02-23 04:19:00,-1
2024-02-23 04:34:00,-1
2024-02-23 04:53:00,-1
2024-02-23 04:58:00,-1
2024-02-23 05:01:00,-1
2024-02-23 05:05:00,-1
2024-02-23 05:19:00,-1
2024-02-23 05:32:00,-1
2024-02-23 06:01:00,-1
2024-02-23 06:02:00,-1
2024-02-23 06:19:00,-1
2024-02-23 06:20:00,-1
2024-02-23 06:21:00,-1
2024-02-23 06:26:00,-1
2024-02-23 06:27:00,-1
2024-02-23 06:28:00,-1
2024-02-23 06:29:00,-1
2024-02-23 06:32:00,-1
2024-02-23 06:33:00,-1
2024-02-23 06:43:00,-1
2024-02-23 06:44:00,-1
2024-02-23 06:49:00,-1
2024-02-23 06:50:00,-1
2024-02-23 06:52:00,-1
2024-02-23 06:53:00,-1
2024-02-23 07:01:00,-1
2024-02-23 07:03:00,-1
2024-02-23 07:07:00,-1
2024-02-23 07:12:00,-1
2024-02-23 07:21:00,-1
2024-02-23 07:28:00,-1
2024-02-23 07:29:00,-1
2024-02-23 07:31:00,-1
2024-02-23 07:33:00,-1
2024-02-23 07:34:00,-1
2024-02-23 07:35:00,-1
2024-02-23 07:36:00,-1
2024-02-23 07:38:00,-1
2024-02-23 07:39:00,-1
2024-02-23 07:40:00,-1
2024-02-23 07:41:00,-1
2024-02-23 07:42:00,-1
2024-02-23 07:51:00,-1
2024-02-23 07:52:00,-1
2024-02-23 07:53:00,0
2024-02-23 07:54:00,0
2024-02-23 07:55:00,0
2024-02-23 08:00:00,-1
2024-02-23 08:01:00,-1
2024-02-23 08:05:00,0
2024-02-23 08:08:00,1
2024-02-23 08:10:00,1
2024-02-23 08:12:00,1
2024-02-23 08:28:00,0
2024-02-23 08:42:00,0
2024-02-23 08:43:00,-1
2024-02-23 08:45:00,-1
2024-02-23 08:46:00,-1
2024-02-23 08:54:00,-1
2024-02-23 09:08:00,-1
2024-02-23 09:10:00,-1
2024-02-23 09:11:00,-1
2024-02-23 09:13:00,-1
2024-02-23 09:20:00,-1
2024-02-23 09:31:00,-1
2024-02-23 09:33:00,-1
2024-02-23 09:43:00,-1
2024-02-23 09:44:00,-1
2024-02-23 09:45:00,-1
2024-02-23 09:49:00,-1
2024-02-23 09:50:00,-1
2024-02-23 09:51:00,-1
2024-02-23 09:54:00,-1
2024-02-23 09:55:00,-1
2024-02-23 09:56:00,-1
2024-02-23 09:58:00,-1
2024-02-23 09:59:00,-1
2024-02-23 10:02:00,-1
2024-02-23 10:04:00,1
2024-02-23 10:06:00,1
2024-02-23 10:09:00,1
2024-02-23 10:10:00,1
2024-02-23 10:11:00,1
2024-02-23 10:12:00,1
2024-02-23 10:14:00,1
2024-02-23 10:15:00,0
2024-02-23 10:16:00,1
2024-02-23 10:19:00,0
2024-02-23 10:27:00,0
2024-02-23 10:28:00,-1
2024-02-23 10:31:00,-1
2024-02-23 10:32:00,-1
2024-02-23 10:42:00,-1
2024-02-23 10:43:00,-1
2024-02-23 10:44:00,-1
2024-02-23 10:45:00,-1
2024-02-23 10:47:00,-1
2024-02-23 10:48:00,-1
2024-02-23 10:53:00,-1
2024-02-23 10:55:00,-1
2024-02-23 10:56:00,-1
2024-02-23 11:04:00,-1
2024-02-23 11:06:00,-1
2024-02-23 11:07:00,-1
2024-02-23 11:09:00,-1
2024-02-23 11:11:00,-1
2024-02-23 11:13:00,-1
2024-02-23 11:15:00,-1
2024-02-23 11:54:00,-1
2024-02-23 12:03:00,-1
2024-02-23 12:05:00,-1
2024-02-23 12:24:00,-1
2024-02-23 12:25:00,-1
2024-02-23 12:26:00,-1
2024-02-23 12:29:00,-1
2024-02-23 12:31:00,-1
2024-02-23 12:39:00,-1
2024-02-23 12:47:00,-1
2024-02-23 13:09:00,-1
2024-02-23 13:29:00,-1
2024-02-23 13:42:00,-1
2024-02-23 14:11:00,-1
2024-02-23 15:21:00,-1
2024-02-23 15:29:00,-1
2024-02-23 15:34:00,-1
2024-02-23 15:40:00,-1
